MethoMESH:D_Class	MeSH MESH:Descriptor
	MESH:D003933
	MESH:D000066491
	MESH:D000086723
	MESH:D057210
	MESH:D003936
	MESH:D007090
	MESH:D011857
	MESH:D003937
	MESH:D017831
	MESH:D003951
	MESH:D005188
	MESH:D005189
	MESH:D015588
	MESH:D019937
	MESH:D000365
	MESH:D001344
	MESH:D001944
	MESH:D019411
l	MESH:D019963
l	MESH:D001774
l	MESH:D001784
l	MESH:D010092
l	MESH:D001785
l	MESH:D015190
l	MESH:D001797
l	MESH:D001806
l	MESH:D059788
l	MESH:D015309
l	MESH:D005951
l	MESH:D007789
l	MESH:D017591
l	MESH:D004796
l	MESH:D005745
l	MESH:D000081205
l	MESH:D008033
l	MESH:D016482
l	MESH:D000086742
l	MESH:D000087124
l	MESH:D000087123
l	MESH:D003584
l	MESH:D002452
l	MESH:D001772
l	MESH:D004906
l	MESH:D017701
l	MESH:D007958
l	MESH:D018655
l	MESH:D018791
l	MESH:D016516
l	MESH:D010976
l	MESH:D013076
l	MESH:D018929
l	MESH:D061251
l	MESH:D054443
l	MESH:D054441
l	MESH:D054442
l	MESH:D012884
l	MESH:D002469
l	MESH:D005434
l	MESH:D058948
l	MESH:D003114
l	MESH:D014410
l	MESH:D003581
l	MESH:D000649
l	MESH:D001706
l	MESH:D001707
l	MESH:D044963
l	MESH:D061765
l	MESH:D062005
l	MESH:D015193
l	MESH:D019092
l	MESH:D061705
l	MESH:D000073890
l	MESH:D000081182
l	MESH:D065006
l	MESH:D021701
	MESH:D014626
	MESH:D003588
l	MESH:D007620
	MESH:D000080945
l	MESH:D020732
l	MESH:D002871
l	MESH:D007621
l	MESH:D032681
l	MESH:D008940
l	MESH:D003592
l	MESH:D019044
l	MESH:D047569
l	MESH:D004354
l	MESH:D058501
l	MESH:D006651
l	MESH:D007150
l	MESH:D005455
l	MESH:D000919
l	MESH:D019085
l	MESH:D019084
l	MESH:D015200
l	MESH:D016231
l	MESH:D010503
l	MESH:D011540
l	MESH:D016591
l	MESH:D042282
l	MESH:D008867
l	MESH:D016616
l	MESH:D005629
	MESH:D016628
	MESH:D016319
l	MESH:D005614
l	MESH:D005613
l	MESH:D013194
l	MESH:D017403
l	MESH:D017404
l	MESH:D020223
l	MESH:D020401
l	MESH:D016624
	MESH:D056347
l	MESH:D016626
l	MESH:D016622
l	MESH:D014021
l	MESH:D015925
l	MESH:D005612
l	MESH:D017110
l	MESH:D016610
l	MESH:D016612
l	MESH:D016613
l	MESH:D016707
l	MESH:D064688
l	MESH:D005820
l	MESH:D006580
l	MESH:D000071185
l	MESH:D006403
l	MESH:D001780
l	MESH:D019934
l	MESH:D010314
l	MESH:D011517
l	MESH:D013916
l	MESH:D013918
l	MESH:D014914
l	MESH:D001788
l	MESH:D001799
l	MESH:D001856
l	MESH:D004903
l	MESH:D004909
l	MESH:D063285
l	MESH:D005365
l	MESH:D006400
l	MESH:D006452
l	MESH:D009996
l	MESH:D010979
l	MESH:D001760
l	MESH:D003018
l	MESH:D063847
l	MESH:D012546
l	MESH:D006652
l	MESH:D001345
l	MESH:D003648
l	MESH:D007159
l	MESH:D015549
l	MESH:D003601
l	MESH:D015941
l	MESH:D006462
l	MESH:D006650
l	MESH:D007959
l	MESH:D007104
l	MESH:D016130
l	MESH:D059425
l	MESH:D007957
	MESH:D008213
l	MESH:D015166
l	MESH:D011259
l	MESH:D012397
l	MESH:D012698
l	MESH:D000372
l	MESH:D006386
l	MESH:D003298
l	MESH:D007841
l	MESH:D015492
l	MESH:D003168
l	MESH:D006383
l	MESH:D006385
l	MESH:D009500
l	MESH:D011233
l	MESH:D005428
l	MESH:D005779
l	MESH:D007122
l	MESH:D003378
l	MESH:D007123
l	MESH:D011852
l	MESH:D015531
l	MESH:D058248
l	MESH:D013588
l	MESH:D016508
l	MESH:D014209
l	MESH:D012703
l	MESH:D012882
l	MESH:D007428
l	MESH:D007731
l	MESH:D015927
l	MESH:D023441
l	MESH:D010323
l	MESH:D010328
l	MESH:D014374
	MESH:D000071117
l	MESH:D008657
l	MESH:D008828
	MESH:D061245
l	MESH:D001431
	MESH:D058491
l	MESH:D015373
l	MESH:D001434
l	MESH:D058889
l	MESH:D058885
l	MESH:D021521
l	MESH:D000071997
l	MESH:D015169
l	MESH:D000082922
l	MESH:D008826
l	MESH:D052978
l	MESH:D015610
l	MESH:D016533
	MESH:D012692
	MESH:D019562
	MESH:D014776
l	MESH:D010948
	MESH:D038301
l	MESH:D020525
l	MESH:D025202
l	MESH:D061809
l	MESH:D015997
	MESH:D009780
	MESH:D059208
	MESH:D010270
l	MESH:D021261
	MESH:D000073623
l	MESH:D011258
l	MESH:D011869
l	MESH:D055101
l	MESH:D013081
l	MESH:D012732
	MESH:D054881
	MESH:D013048
	MESH:D013129
	MESH:D001800
	MESH:D017218
	MESH:D018962
	MESH:D004210
l	MESH:D061346
	MESH:D059018
	MESH:D019152
	MESH:D000069237
	MESH:D020519
	MESH:D000069258
	MESH:D000069356
	MESH:D059349
	MESH:D003952
	MESH:D057791
	MESH:D000790
	MESH:D055424
	MESH:D055426
	MESH:D015637
	MESH:D017023
	MESH:D004452
	MESH:D015150
	MESH:D018618
	MESH:D018619
	MESH:D025401
	MESH:D019560
	MESH:D019561
	MESH:D017548
	MESH:D055414
	MESH:D015635
	MESH:D015646
	MESH:D014055
	MESH:D049268
	MESH:D000072078
	MESH:D015899
	MESH:D000072098
	MESH:D014057
	MESH:D023881
	MESH:D000072226
	MESH:D056973
	MESH:D036542
	MESH:D061330
	MESH:D021621
	MESH:D006696
l	MESH:D008853
l	MESH:D000069416
l	MESH:D046169
l	MESH:D020678
l	MESH:D033401
l	MESH:D018613
l	MESH:D008854
l	MESH:D020285
l	MESH:D004577
l	MESH:D008855
l	MESH:D046529
l	MESH:D017348
l	MESH:D046032
l	MESH:D016253
l	MESH:D008856
l	MESH:D036641
l	MESH:D008857
l	MESH:D008858
l	MESH:D008859
l	MESH:D020527
l	MESH:D018625
l	MESH:D064347
l	MESH:D016252
l	MESH:D008860
l	MESH:D018715
l	MESH:D000073758
l	MESH:D000073798
l	MESH:D062345
l	MESH:D010784
	MESH:D000080925
l	MESH:D057054
	MESH:D064847
	MESH:D059906
	MESH:D000082642
	MESH:D056324
	MESH:D059907
	MESH:D001931
	MESH:D063132
	MESH:D009485
	MESH:D002533
	MESH:D014695
	MESH:D004453
	MESH:D017585
	MESH:D009192
	MESH:D011011
	MESH:D061848
	MESH:D000081982
	MESH:D062048
	MESH:D041622
	MESH:D041623
	MESH:D014172
	MESH:D010781
	MESH:D007089
	MESH:D011856
	MESH:D015901
	MESH:D019252
	MESH:D015900
	MESH:D010779
	MESH:D010780
	MESH:D015903
	MESH:D059869
	MESH:D023861
	MESH:D059008
	MESH:D011859
l	MESH:D015502
	MESH:D000792
	MESH:D001027
	MESH:D002932
	MESH:D010690
	MESH:D011172
	MESH:D001175
	MESH:D004571
	MESH:D005471
	MESH:D000071941
	MESH:D002933
	MESH:D007047
	MESH:D008220
	MESH:D008327
	MESH:D014984
	MESH:D008852
	MESH:D011029
	MESH:D011858
	MESH:D011860
	MESH:D002758
	MESH:D002760
	MESH:D002765
	MESH:D019841
	MESH:D011861
	MESH:D000366
	MESH:D016300
	MESH:D011862
	MESH:D012796
	MESH:D015641
	MESH:D013902
	MESH:D001995
	MESH:D008400
	MESH:D014056
	MESH:D054893
	MESH:D054894
	MESH:D055114
	MESH:D014567
	MESH:D000070621
	MESH:D014986
	MESH:D011877
	MESH:D061305
	MESH:D055420
	MESH:D016719
	MESH:D011875
	MESH:D011866
	MESH:D000076665
	MESH:D055425
l	MESH:D019265
	MESH:D049489
	MESH:D013382
	MESH:D055069
l	MESH:D013817
	MESH:D014054
l	MESH:D055032
	MESH:D008279
	MESH:D049448
	MESH:D038524
	MESH:D017352
	MESH:D066235
	MESH:D018810
	MESH:D019028
	MESH:D000081364
	MESH:D014463
	MESH:D059168
	MESH:D054459
	MESH:D019160
	MESH:D000077564
	MESH:D018608
	MESH:D018616
	MESH:D018615
	MESH:D018617
	MESH:D018084
	MESH:D016217
	MESH:D016216
	MESH:D054791
	MESH:D048208
	MESH:D056969
	MESH:D051598
	MESH:D059026
	MESH:D003935
	MESH:D005451
	MESH:D017546
	MESH:D001776
	MESH:D001783
	MESH:D001795
	MESH:D055109
	MESH:D018660
	MESH:D001811
	MESH:D002198
	MESH:D006334
	MESH:D001450
	MESH:D006328
	MESH:D002407
	MESH:D002302
	MESH:D013318
	MESH:D002307
	MESH:D015148
	MESH:D004562
	MESH:D015716
	MESH:D014672
	MESH:D018780
	MESH:D022062
	MESH:D056149
	MESH:D005080
	MESH:D000070857
	MESH:D006326
	MESH:D010701
	MESH:D000070276
	MESH:D007702
	MESH:D053798
	MESH:D011674
	MESH:D014636
	MESH:D000074743
l	MESH:D017078
	MESH:D000081282
	MESH:D010991
	MESH:D017156
	MESH:D010992
	MESH:D010993
	MESH:D063177
	MESH:D000080308
	MESH:D000080909
	MESH:D018667
	MESH:D003938
	MESH:D016145
	MESH:D016099
	MESH:D000071087
	MESH:D058582
	MESH:D000071085
	MESH:D003113
	MESH:D012812
	MESH:D004384
	MESH:D000069916
	MESH:D004945
	MESH:D005773
	MESH:D011351
	MESH:D050782
	MESH:D005772
	MESH:D008111
	MESH:D010186
	MESH:D003940
	MESH:D000304
	MESH:D010050
	MESH:D010912
	MESH:D010901
	MESH:D013960
	MESH:D003943
	MESH:D004569
	MESH:D058256
	MESH:D000513
	MESH:D001611
	MESH:D003700
	MESH:D065818
	MESH:D013826
	MESH:D000069280
	MESH:D058407
	MESH:D003344
	MESH:D015225
	MESH:D044583
	MESH:D009460
	MESH:D012018
	MESH:D065508
	MESH:D012020
	MESH:D012021
	MESH:D012022
	MESH:D001405
	MESH:D012025
	MESH:D057897
	MESH:D012026
	MESH:D013216
	MESH:D064367
	MESH:D003944
	MESH:D003127
	MESH:D003464
	MESH:D005186
	MESH:D005323
	MESH:D015907
	MESH:D010061
	MESH:D044384
	MESH:D010387
	MESH:D010925
	MESH:D019836
	MESH:D011296
	MESH:D005332
	MESH:D062145
	MESH:D018590
	MESH:D003941
	MESH:D057128
	MESH:D063171
	MESH:D019781
	MESH:D004596
	MESH:D053483
	MESH:D004584
	MESH:D004585
	MESH:D000084542
	MESH:D005425
l	MESH:D015590
	MESH:D006068
	MESH:D009884
	MESH:D009887
	MESH:D042262
	MESH:D057109
	MESH:D000072776
	MESH:D014065
	MESH:D014787
	MESH:D003119
	MESH:D012029
	MESH:D015351
	MESH:D014792
	MESH:D015350
	MESH:D058453
	MESH:D058609
	MESH:D003939
	MESH:D006320
	MESH:D000158
	MESH:D001299
	MESH:D001300
	MESH:D001301
	MESH:D001302
	MESH:D013063
	MESH:D013069
	MESH:D011571
	MESH:D004007
	MESH:D012000
	MESH:D038781
	MESH:D014724
	MESH:D002150
	MESH:D064087
	MESH:D003947
l	MESH:D011863
	MESH:D011865
	MESH:D003948
	MESH:D001999
	MESH:D007828
	MESH:D009079
	MESH:D009299
	MESH:D012129
	MESH:D000403
	MESH:D001985
	MESH:D019296
	MESH:D008170
	MESH:D008176
	MESH:D014109
	MESH:D003011
	MESH:D005652
	MESH:D005105
	MESH:D012115
	MESH:D014797
	MESH:D007320
	MESH:D007321
	MESH:D013990
	MESH:D000072277
	MESH:D011659
	MESH:D011653
	MESH:D014692
	MESH:D012123
	MESH:D005540
	MESH:D008448
	MESH:D008449
	MESH:D008450
	MESH:D010366
	MESH:D005541
	MESH:D008451
	MESH:D013147
	MESH:D002000
	MESH:D014939
	MESH:D012135
	MESH:D025363
	MESH:D023842
	MESH:D003949
	MESH:D004724
	MESH:D001182
	MESH:D003558
	MESH:D053704
	MESH:D010535
	MESH:D058733
	MESH:D008481
	MESH:D057605
	MESH:D000067368
	MESH:D000067369
	MESH:D013906
	MESH:D020775
	MESH:D018666
	MESH:D020535
	MESH:D011012
	MESH:D011028
	MESH:D003950
	MESH:D007677
	MESH:D005919
	MESH:D009403
	MESH:D014546
	MESH:D003955
	MESH:D000067108
	MESH:D004185
	MESH:D014938
	MESH:D004568
	MESH:D004576
	MESH:D007327
	MESH:D007734
	MESH:D008403
	MESH:D035041
	MESH:D009098
	MESH:D000071061
	MESH:D000068436
	MESH:D008487
	MESH:D003321
	MESH:D017584
	MESH:D008991
	MESH:D056044
	MESH:D016903
	MESH:D018670
	MESH:D016343
	MESH:D064795
	MESH:D061886
	MESH:D064926
	MESH:D017286
	MESH:D013686
	MESH:D058998
	MESH:D009213
	MESH:D061088
	MESH:D010808
	MESH:D000886
	MESH:D002508
	MESH:D000070496
	MESH:D009811
	MESH:D001034
	MESH:D001314
	MESH:D001824
	MESH:D001837
	MESH:D050218
	MESH:D050154
	MESH:D015992
	MESH:D049628
	MESH:D001827
	MESH:D018568
	MESH:D001835
	MESH:D001724
	MESH:D020567
	MESH:D056865
	MESH:D050177
	MESH:D009765
	MESH:D056128
	MESH:D000079262
	MESH:D000067329
	MESH:D009767
	MESH:D063766
	MESH:D013851
	MESH:D064346
	MESH:D055105
	MESH:D064237
	MESH:D065927
	MESH:D001830
	MESH:D009929
	MESH:D058452
	MESH:D012885
	MESH:D049629
	MESH:D000071060
	MESH:D000067029
	MESH:D012880
	MESH:D013008
	MESH:D005149
	MESH:D019066
	MESH:D005684
	MESH:D000077107
	MESH:D000072797
	MESH:D058869
	MESH:D055686
	MESH:D053580
	MESH:D018737
	MESH:D052581
	MESH:D000067399
	MESH:D010147
	MESH:D010173
	MESH:D051517
	MESH:D010474
	MESH:D010858
	MESH:D016059
	MESH:D053587
	MESH:D016353
	MESH:D016504
	MESH:D055986
	MESH:D001794
	MESH:D001831
	MESH:D006339
	MESH:D056152
	MESH:D011291
	MESH:D011601
	MESH:D017603
	MESH:D013068
	MESH:D013062
	MESH:D063189
	MESH:D064232
	MESH:D042241
	MESH:D055088
	MESH:D033162
	MESH:D062706
	MESH:D011379
	MESH:D018447
	MESH:D060787
	MESH:D009367
	MESH:D049451
	MESH:D011256
	MESH:D016896
	MESH:D018572
	MESH:D057239
	MESH:D000077982
	MESH:D066066
	MESH:D000072230
	MESH:D000076162
	MESH:D000074389
	MESH:D017211
	MESH:D000067248
	MESH:D000068936
	MESH:D013812
	MESH:D000161
	MESH:D058109
	MESH:D060666
	MESH:D007442
	MESH:D017214
	MESH:D000079603
	MESH:D012121
	MESH:D006612
	MESH:D006611
	MESH:D059725
	MESH:D021061
	MESH:D063087
	MESH:D061810
	MESH:D011175
	MESH:D045422
	MESH:D007384
	MESH:D007385
	MESH:D015300
	MESH:D014139
	MESH:D056705
	MESH:D001452
	MESH:D000646
	MESH:D001494
	MESH:D009094
	MESH:D029002
	MESH:D001510
	MESH:D032763
	MESH:D012149
	MESH:D001691
	MESH:D017217
	MESH:D001803
	MESH:D016913
	MESH:D017707
	MESH:D017708
	MESH:D017710
	MESH:D017713
	MESH:D001804
	MESH:D001805
	MESH:D005078
	MESH:D010951
	MESH:D064987
	MESH:D017690
	MESH:D016381
	MESH:D033581
	MESH:D036101
	MESH:D018380
	MESH:D036102
	MESH:D045164
	MESH:D016378
	MESH:D016026
	MESH:D016025
	MESH:D050376
	MESH:D016380
	MESH:D016039
	MESH:D017391
	MESH:D015948
	MESH:D057111
	MESH:D016332
	MESH:D016031
	MESH:D016038
	MESH:D016238
	MESH:D007937
	MESH:D010983
	MESH:D000069467
	MESH:D015316
	MESH:D000067492
	MESH:D052416
	MESH:D019650
	MESH:D018189
	MESH:D056747
	MESH:D007167
	MESH:D007114
	MESH:D007116
	MESH:D019264
	MESH:D016219
	MESH:D007115
	MESH:D007117
	MESH:D016233
	MESH:D014611
	MESH:D032541
	MESH:D007165
	MESH:D003888
	MESH:D063729
	MESH:D006082
	MESH:D008212
	MESH:D019172
	MESH:D016499
	MESH:D050130
	MESH:D009945
	MESH:D014023
	MESH:D000071059
	MESH:D001781
	MESH:D016465
	MESH:D047589
	MESH:D010956
	MESH:D002404
	MESH:D017130
	MESH:D000800
	MESH:D015906
	MESH:D017222
	MESH:D016342
	MESH:D017073
	MESH:D017225
	MESH:D063125
	MESH:D021721
	MESH:D058738
	MESH:D063126
	MESH:D002405
	MESH:D002406
	MESH:D057928
	MESH:D002425
	MESH:D004564
	MESH:D057908
	MESH:D019454
	MESH:D055870
	MESH:D013790
	MESH:D002985
	MESH:D024221
	MESH:D000971
	MESH:D000071065
	MESH:D003131
	MESH:D059248
	MESH:D059186
	MESH:D017024
	MESH:D000084262
	MESH:D015671
	MESH:D020360
	MESH:D010778
	MESH:D018714
	MESH:D000529
	MESH:D015670
	MESH:D015667
	MESH:D020831
	MESH:D016740
	MESH:D015669
	MESH:D009071
	MESH:D000887
	MESH:D055097
	MESH:D000079742
	MESH:D059328
	MESH:D000079245
	MESH:D006694
	MESH:D066236
	MESH:D006705
	MESH:D058611
	MESH:D000073196
	MESH:D008519
	MESH:D016488
	MESH:D008514
	MESH:D019367
	MESH:D008515
	MESH:D008518
	MESH:D008516
	MESH:D020835
	MESH:D055670
	MESH:D056785
	MESH:D038861
	MESH:D019423
	MESH:D057748
	MESH:D026441
	MESH:D019341
	MESH:D001676
	MESH:D058765
	MESH:D001945
	MESH:D064906
	MESH:D006990
	MESH:D001326
	MESH:D013404
	MESH:D001346
	MESH:D019018
	MESH:D027641
	MESH:D019122
	MESH:D008602
	MESH:D011577
	MESH:D012381
	MESH:D011603
	MESH:D012064
	MESH:D026302
	MESH:D019124
	MESH:D015013
	MESH:D026201
	MESH:D018953
	MESH:D026882
	MESH:D026301
	MESH:D064746
	MESH:D019050
	MESH:D008405
	MESH:D000073297
	MESH:D009324
	MESH:D008517
	MESH:D027681
	MESH:D000075527
	MESH:D012028
	MESH:D026421
	MESH:D001155
	MESH:D016500
	MESH:D003614
	MESH:D009147
	MESH:D010989
	MESH:D055161
	MESH:D026443
	MESH:D029221
	MESH:D008273
	MESH:D011844
	MESH:D018599
	MESH:D000072700
	MESH:D000075202
	MESH:D000075203
	MESH:D000075204
	MESH:D003357
	MESH:D061645
	MESH:D000077845
	MESH:D000073880
	MESH:D046289
	MESH:D046288
	MESH:D019093
	MESH:D002944
	MESH:D013653
	MESH:D002615
	MESH:D003869
	MESH:D006204
	MESH:D015187
	MESH:D016462
	MESH:D019928
	MESH:D058629
	MESH:D012225
	MESH:D015361
	MESH:D017679
	MESH:D007036
	MESH:D050786
	MESH:D003664
	MESH:D008150
	MESH:D004322
	MESH:D015916
	MESH:D054843
	MESH:D004358
	MESH:D015913
	MESH:D018890
	MESH:D019072
	MESH:D000074381
	MESH:D060830
	MESH:D000069340
	MESH:D004333
	MESH:D000280
	MESH:D061605
	MESH:D007262
	MESH:D007275
	MESH:D000284
	MESH:D000278
	MESH:D000286
	MESH:D000287
	MESH:D000279
	MESH:D000282
	MESH:D000283
	MESH:D058956
	MESH:D000281
	MESH:D000285
	MESH:D060433
	MESH:D010478
	MESH:D007263
	MESH:D007261
	MESH:D036502
	MESH:D017148
	MESH:D057967
	MESH:D060186
	MESH:D055104
	MESH:D055103
	MESH:D007267
	MESH:D007269
	MESH:D007270
	MESH:D055676
	MESH:D015552
	MESH:D007272
	MESH:D007273
	MESH:D056965
	MESH:D058449
	MESH:D007274
	MESH:D007276
	MESH:D007278
	MESH:D007268
	MESH:D007279
	MESH:D007271
	MESH:D007277
	MESH:D019470
	MESH:D000069555
	MESH:D008845
	MESH:D007322
l	MESH:D007478
	MESH:D015612
	MESH:D004334
	MESH:D059250
	MESH:D020551
	MESH:D016503
	MESH:D000075162
	MESH:D003692
	MESH:D004337
	MESH:D050091
	MESH:D053769
	MESH:D058726
	MESH:D007332
	MESH:D014677
	MESH:D054796
	MESH:D000076064
	MESH:D063487
	MESH:D062787
	MESH:D000083682
	MESH:D000067490
	MESH:D011307
	MESH:D057915
	MESH:D056687
	MESH:D000084862
	MESH:D004359
	MESH:D023241
	MESH:D000080903
	MESH:D004360
	MESH:D053672
	MESH:D004733
	MESH:D057487
	MESH:D056947
	MESH:D005440
	MESH:D018718
	MESH:D020249
	MESH:D015914
	MESH:D057970
	MESH:D060828
	MESH:D060046
	MESH:D008508
	MESH:D059065
	MESH:D000067491
	MESH:D058990
	MESH:D058850
	MESH:D009974
	MESH:D018700
	MESH:D019338
	MESH:D011292
	MESH:D015911
	MESH:D012646
	MESH:D012651
	MESH:D015912
	MESH:D024764
	MESH:D004599
	MESH:D002304
	MESH:D058406
	MESH:D046690
	MESH:D004554
	MESH:D061208
	MESH:D062187
	MESH:D065908
	MESH:D004561
	MESH:D055536
	MESH:D004638
	MESH:D061906
	MESH:D005392
	MESH:D059746
	MESH:D012151
	MESH:D016887
	MESH:D022561
	MESH:D006336
	MESH:D016414
	MESH:D014187
	MESH:D005248
	MESH:D001903
	MESH:D004750
	MESH:D010288
	MESH:D016331
	MESH:D016562
	MESH:D010289
	MESH:D046128
	MESH:D000085002
	MESH:D006438
	MESH:D006489
	MESH:D004621
	MESH:D016461
	MESH:D055357
	MESH:D058450
	MESH:D016558
	MESH:D006488
	MESH:D008028
	MESH:D017075
	MESH:D006920
	MESH:D063373
	MESH:D009910
	MESH:D017592
	MESH:D063465
	MESH:D006979
	MESH:D003972
	MESH:D012780
	MESH:D014464
	MESH:D000074059
	MESH:D057086
	MESH:D036761
	MESH:D000082703
	MESH:D007440
	MESH:D007441
	MESH:D057775
	MESH:D019194
	MESH:D019157
	MESH:D053685
	MESH:D048988
	MESH:D049008
	MESH:D020731
	MESH:D018903
	MESH:D028022
	MESH:D017602
	MESH:D024763
	MESH:D008096
	MESH:D055909
	MESH:D050781
	MESH:D061185
	MESH:D044623
	MESH:D004035
	MESH:D031204
	MESH:D000070601
	MESH:D003927
	MESH:D050528
	MESH:D000076107
	MESH:D055423
	MESH:D018752
	MESH:D055050
	MESH:D000073600
	MESH:D038441
	MESH:D066046
	MESH:D018753
	MESH:D004038
	MESH:D004039
	MESH:D014676
	MESH:D015623
	MESH:D000067269
	MESH:D000073601
	MESH:D018529
	MESH:D000073319
	MESH:D049088
	MESH:D050110
	MESH:D015390
	MESH:D015391
	MESH:D007581
	MESH:D059351
	MESH:D054158
	MESH:D019637
	MESH:D060826
	MESH:D054854
	MESH:D058498
	MESH:D017586
	MESH:D017587
	MESH:D007404
	MESH:D007796
	MESH:D065406
	MESH:D008349
	MESH:D000072229
	MESH:D000070638
	MESH:D009988
	MESH:D059408
	MESH:D005791
	MESH:D000553
	MESH:D010531
	MESH:D057668
	MESH:D003266
	MESH:D000359
	MESH:D012046
	MESH:D000203
	MESH:D056447
	MESH:D056147
	MESH:D001638
	MESH:D000072038
	MESH:D012048
	MESH:D003145
	MESH:D008085
	MESH:D008369
	MESH:D012813
	MESH:D004434
	MESH:D005081
	MESH:D000076663
	MESH:D015915
	MESH:D052580
	MESH:D059385
	MESH:D055070
	MESH:D000066530
	MESH:D000071939
	MESH:D009788
	MESH:D057173
	MESH:D012049
	MESH:D007808
	MESH:D020247
	MESH:D013071
	MESH:D013072
	MESH:D013070
	MESH:D014834
	MESH:D012050
	MESH:D000069350
	MESH:D010351
	MESH:D062209
	MESH:D010360
	MESH:D000076522
	MESH:D060305
	MESH:D000069341
	MESH:D003422
	MESH:D000074388
	MESH:D015931
	MESH:D003482
	MESH:D003631
	MESH:D000081206
	MESH:D017050
	MESH:D005581
	MESH:D006760
	MESH:D007902
	MESH:D010343
	MESH:D010359
	MESH:D007326
	MESH:D003688
	MESH:D000079243
	MESH:D008020
	MESH:D008134
	MESH:D009551
	MESH:D009732
	MESH:D006701
	MESH:D012144
	MESH:D059017
	MESH:D010166
	MESH:D056888
	MESH:D060127
	MESH:D018743
	MESH:D011181
	MESH:D019990
	MESH:D007430
	MESH:D013527
	MESH:D011182
	MESH:D000082622
	MESH:D016742
	MESH:D011295
	MESH:D011300
	MESH:D000084982
	MESH:D000079142
	MESH:D019467
	MESH:D013727
	MESH:D005065
	MESH:D028601
	MESH:D033101
	MESH:D037901
	MESH:D005066
	MESH:D017051
	MESH:D017236
	MESH:D061665
	MESH:D028761
	MESH:D064872
	MESH:D010356
	MESH:D010789
	MESH:D006370
	MESH:D062325
	MESH:D006414
	MESH:D014467
	MESH:D011701
	MESH:D017893
	MESH:D026741
	MESH:D026241
	MESH:D006875
	MESH:D007507
	MESH:D020393
	MESH:D057285
	MESH:D010919
	MESH:D011309
	MESH:D000077780
	MESH:D012034
l	MESH:D000085642
	MESH:D001793
	MESH:D058731
	MESH:D009926
	MESH:D012662
	MESH:D017755
	MESH:D060489
	MESH:D011677
	MESH:D001815
	MESH:D000078702
	MESH:D000078703
	MESH:D017115
	MESH:D000074060
	MESH:D011878
	MESH:D001918
	MESH:D016371
	MESH:D010910
	MESH:D061888
	MESH:D063193
	MESH:D061766
	MESH:D017619
	MESH:D015182
	MESH:D016634
	MESH:D061106
	MESH:D011881
	MESH:D020266
	MESH:D050397
	MESH:D011879
	MESH:D019583
	MESH:D000069473
	MESH:D011882
	MESH:D017247
	MESH:D016754
	MESH:D011867
	MESH:D061089
	MESH:D000069475
	MESH:D014916
	MESH:D014964
	MESH:D012060
	MESH:D012074
	MESH:D017582
	MESH:D000079664
	MESH:D006440
	MESH:D006464
	MESH:D000079782
	MESH:D000079763
	MESH:D006435
	MESH:D017583
	MESH:D006437
	MESH:D010530
	MESH:D016030
	MESH:D012099
	MESH:D003267
	MESH:D003076
	MESH:D042121
	MESH:D003269
	MESH:D044363
	MESH:D000073516
	MESH:D000080282
	MESH:D000075523
	MESH:D012252
	MESH:D034445
	MESH:D013245
	MESH:D027724
	MESH:D000072234
	MESH:D004624
	MESH:D056826
	MESH:D059247
	MESH:D005307
	MESH:D000069321
	MESH:D020554
	MESH:D015181
	MESH:D059471
	MESH:D007315
	MESH:D007316
	MESH:D007317
	MESH:D018587
	MESH:D054315
	MESH:D010062
	MESH:D013480
	MESH:D037022
	MESH:D053625
	MESH:D017388
	MESH:D015145
	MESH:D012138
	MESH:D035641
	MESH:D015199
	MESH:D010102
	MESH:D006931
	MESH:D019233
	MESH:D017694
	MESH:D016879
	MESH:D055502
	MESH:D012648
	MESH:D000085263
	MESH:D057829
	MESH:D057830
	MESH:D016060
	MESH:D016061
	MESH:D055512
	MESH:D060205
	MESH:D035703
	MESH:D057176
	MESH:D013813
	MESH:D011880
	MESH:D061147
	MESH:D061485
	MESH:D000074164
	MESH:D000085582
	MESH:D000760
	MESH:D000698
	MESH:D015360
	MESH:D016362
	MESH:D016058
	MESH:D001297
	MESH:D055770
	MESH:D009458
	MESH:D000758
	MESH:D000765
	MESH:D000767
	MESH:D000763
	MESH:D000772
	MESH:D000775
	MESH:D009407
	MESH:D001340
	MESH:D059387
	MESH:D065527
	MESH:D066008
	MESH:D000766
	MESH:D006992
	MESH:D000768
	MESH:D000769
	MESH:D000764
	MESH:D000770
	MESH:D000774
	MESH:D058126
	MESH:D000771
	MESH:D000773
	MESH:D000074022
	MESH:D050785
	MESH:D006991
	MESH:D000762
	MESH:D016292
	MESH:D054810
	MESH:D004580
	MESH:D007023
	MESH:D019148
	MESH:D011229
	MESH:D013514
	MESH:D055011
	MESH:D003452
	MESH:D055356
	MESH:D000079042
	MESH:D000556
	MESH:D000714
	MESH:D000713
	MESH:D001166
	MESH:D066254
	MESH:D058366
	MESH:D002557
	MESH:D017287
	MESH:D014696
	MESH:D002767
	MESH:D002768
	MESH:D004713
	MESH:D005763
	MESH:D018610
	MESH:D018729
	MESH:D010193
	MESH:D010491
	MESH:D010536
	MESH:D011170
	MESH:D011167
	MESH:D019168
	MESH:D013164
	MESH:D011171
	MESH:D012489
	MESH:D014669
	MESH:D038481
	MESH:D001243
	MESH:D015908
	MESH:D007423
	MESH:D006353
	MESH:D013504
	MESH:D006348
	MESH:D000069278
	MESH:D058385
	MESH:D058386
	MESH:D018421
	MESH:D006324
	MESH:D050792
	MESH:D016027
	MESH:D016041
	MESH:D019918
	MESH:D065467
	MESH:D009204
	MESH:D001026
	MESH:D047549
	MESH:D007387
	MESH:D057769
	MESH:D058327
	MESH:D010492
	MESH:D015424
	MESH:D015425
	MESH:D014656
	MESH:D017128
	MESH:D004691
	MESH:D016894
	MESH:D057510
	MESH:D062645
	MESH:D023821
	MESH:D017131
	MESH:D058017
	MESH:D019917
	MESH:D002548
	MESH:D016748
	MESH:D003475
	MESH:D004107
	MESH:D014619
	MESH:D065426
	MESH:D003646
	MESH:D019299
	MESH:D056424
	MESH:D061145
	MESH:D020878
	MESH:D013505
	MESH:D001062
	MESH:D001662
	MESH:D015904
	MESH:D002763
	MESH:D017081
	MESH:D016717
	MESH:D013105
	MESH:D003082
	MESH:D016737
	MESH:D000074882
	MESH:D004766
	MESH:D002431
	MESH:D003125
	MESH:D004385
	MESH:D007081
	MESH:D007582
	MESH:D016629
	MESH:D004944
	MESH:D004946
	MESH:D018662
	MESH:D005743
	MESH:D059485
	MESH:D005774
	MESH:D000074434
	MESH:D061865
	MESH:D006498
	MESH:D000074722
	MESH:D016035
	MESH:D010180
	MESH:D016577
	MESH:D000078542
	MESH:D013396
	MESH:D017558
	MESH:D004598
	MESH:D013507
	MESH:D000315
	MESH:D002369
	MESH:D009919
	MESH:D010052
	MESH:D000074868
	MESH:D007016
	MESH:D007017
	MESH:D016105
	MESH:D000076822
	MESH:D013965
	MESH:D005112
	MESH:D002315
	MESH:D018611
l	MESH:D014462
	MESH:D000071938
	MESH:D000074431
	MESH:D007813
	MESH:D008026
	MESH:D008197
	MESH:D037981
	MESH:D008408
	MESH:D015409
	MESH:D015410
	MESH:D015411
	MESH:D015412
	MESH:D015413
	MESH:D015414
	MESH:D000072036
	MESH:D059146
	MESH:D008866
	MESH:D015580
	MESH:D019060
	MESH:D057913
	MESH:D061887
	MESH:D000074642
	MESH:D053783
	MESH:D000069577
	MESH:D013511
	MESH:D000074433
	MESH:D000074432
	MESH:D013513
	MESH:D000028
	MESH:D000025
	MESH:D000029
	MESH:D000032
	MESH:D018607
	MESH:D023802
	MESH:D020884
	MESH:D036861
	MESH:D002585
	MESH:D017604
	MESH:D004841
	MESH:D005113
	MESH:D014620
	MESH:D007751
	MESH:D000074885
	MESH:D016064
	MESH:D014710
	MESH:D020883
	MESH:D019635
	MESH:D002541
	MESH:D038421
	MESH:D003399
	MESH:D014207
	MESH:D003714
	MESH:D017763
	MESH:D017764
	MESH:D014628
	MESH:D014629
	MESH:D015167
	MESH:D013562
	MESH:D015171
	MESH:D013563
	MESH:D019771
	MESH:D002818
	MESH:D009121
	MESH:D009409
	MESH:D019051
	MESH:D059526
	MESH:D016067
	MESH:D053860
	MESH:D011612
	MESH:D050812
	MESH:D013238
	MESH:D038361
	MESH:D013508
	MESH:D019882
	MESH:D003608
	MESH:D015353
	MESH:D017234
	MESH:D018463
	MESH:D012599
	MESH:D014130
	MESH:D032801
	MESH:D017233
	MESH:D054140
	MESH:D002387
	MESH:D019923
	MESH:D018918
	MESH:D007646
	MESH:D019654
	MESH:D064727
	MESH:D016639
	MESH:D012591
	MESH:D014821
	MESH:D057586
	MESH:D019647
	MESH:D001047
	MESH:D005890
	MESH:D005893
	MESH:D005927
	MESH:D019248
	MESH:D019186
	MESH:D019931
	MESH:D019930
	MESH:D013516
	MESH:D000540
	MESH:D000541
	MESH:D000543
	MESH:D003757
	MESH:D003758
	MESH:D001751
	MESH:D003759
	MESH:D057893
	MESH:D016299
	MESH:D014727
	MESH:D056948
	MESH:D064728
	MESH:D019340
	MESH:D059229
	MESH:D059546
	MESH:D014081
	MESH:D012690
	MESH:D014090
	MESH:D065526
	MESH:D000671
	MESH:D004188
	MESH:D006428
	MESH:D001174
	MESH:D013123
	MESH:D001178
	MESH:D059549
	MESH:D019643
	MESH:D058737
	MESH:D057929
	MESH:D050806
	MESH:D019644
	MESH:D019645
	MESH:D000072228
	MESH:D062785
	MESH:D059145
	MESH:D054544
	MESH:D001852
	MESH:D018889
	MESH:D019857
	MESH:D005592
	MESH:D000070628
	MESH:D005593
	MESH:D005594
	MESH:D000070799
	MESH:D000074403
	MESH:D010027
	MESH:D000074402
	MESH:D013709
	MESH:D053656
	MESH:D058971
	MESH:D014143
	MESH:D010030
	MESH:D003559
	MESH:D008876
	MESH:D010613
	MESH:D013907
	MESH:D014519
	MESH:D013517
	MESH:D000233
	MESH:D007825
	MESH:D058753
	MESH:D059747
	MESH:D013506
	MESH:D038263
	MESH:D019929
	MESH:D005276
	MESH:D000074406
	MESH:D009225
	MESH:D019933
	MESH:D013201
	MESH:D013200
	MESH:D062086
	MESH:D014433
	MESH:D010611
	MESH:D014068
	MESH:D014140
	MESH:D010385
	MESH:D000080482
	MESH:D059035
	MESH:D007432
	MESH:D061646
	MESH:D011184
	MESH:D057234
	MESH:D011013
	MESH:D065286
	MESH:D019919
	MESH:D019935
	MESH:D019651
	MESH:D044964
	MESH:D062109
	MESH:D048091
	MESH:D016557
	MESH:D059685
	MESH:D015626
	MESH:D055164
	MESH:D012086
	MESH:D024162
	MESH:D013156
	MESH:D025321
	MESH:D065287
	MESH:D013567
	MESH:D019616
	MESH:D013510
	MESH:D003096
	MESH:D011025
	MESH:D011031
	MESH:D016040
	MESH:D056346
	MESH:D013905
	MESH:D013908
	MESH:D013934
	MESH:D014180
	MESH:D050377
	MESH:D016377
	MESH:D063986
	MESH:D054445
	MESH:D063987
	MESH:D012092
	MESH:D020858
	MESH:D046148
	MESH:D057725
	MESH:D014182
	MESH:D014183
	MESH:D016042
	MESH:D014184
	MESH:D000075442
	MESH:D014185
	MESH:D052096
	MESH:D059708
	MESH:D059745
	MESH:D013519
	MESH:D013509
	MESH:D007044
	MESH:D007045
	MESH:D000069339
	MESH:D058994
	MESH:D013246
	MESH:D063186
	MESH:D000074883
	MESH:D013244
	MESH:D013243
	MESH:D014659
	MESH:D013520
	MESH:D015653
	MESH:D053715
	MESH:D009392
	MESH:D000074682
	MESH:D000074643
	MESH:D014547
	MESH:D013521
	MESH:D056126
	MESH:D011468
	MESH:D020728
	MESH:D058106
	MESH:D058107
	MESH:D000080872
	MESH:D013536
	MESH:D017792
	MESH:D000071062
	MESH:D008919
	MESH:D061725
	MESH:D032761
	MESH:D023401
	MESH:D000826
	MESH:D045442
	MESH:D014824
	MESH:D000823
	MESH:D047368
	MESH:D016477
	MESH:D001322
	MESH:D057205
l	MESH:D001681
	MESH:D024803
	MESH:D024861
l	MESH:D062028
	MESH:D065132
	MESH:D018775
	MESH:D002484
l	MESH:D002498
l	MESH:D014461
l	MESH:D002499
l	MESH:D002500
l	MESH:D002501
l	MESH:D002623
l	MESH:D000201
l	MESH:D009501
l	MESH:D053000
l	MESH:D001667
l	MESH:D001738
l	MESH:D002151
l	MESH:D002152
l	MESH:D002153
l	MESH:D011232
l	MESH:D005427
l	MESH:D005590
l	MESH:D047468
l	MESH:D005591
l	MESH:D057168
l	MESH:D031521
l	MESH:D059625
l	MESH:D059627
l	MESH:D052616
l	MESH:D052617
l	MESH:D002845
l	MESH:D002849
l	MESH:D005410
l	MESH:D008401
l	MESH:D002853
l	MESH:D053801
l	MESH:D002846
l	MESH:D000078791
l	MESH:D002850
l	MESH:D002847
l	MESH:D002851
l	MESH:D002852
l	MESH:D002848
l	MESH:D002854
l	MESH:D009710
l	MESH:D010449
l	MESH:D056148
l	MESH:D002855
l	MESH:D003377
l	MESH:D020374
l	MESH:D025924
l	MESH:D003460
l	MESH:D003461
l	MESH:D033363
l	MESH:D033362
l	MESH:D014961
l	MESH:D018360
l	MESH:D003890
l	MESH:D041961
l	MESH:D000080307
unspezif.	MESH:D003956
l	MESH:D017551
l	MESH:D004055
l	MESH:D053841
l	MESH:D004586
l	MESH:D015152
l	MESH:D015139
l	MESH:D026501
l	MESH:D015153
l	MESH:D026481
l	MESH:D004587
l	MESH:D020552
l	MESH:D019075
l	MESH:D046209
l	MESH:D004588
l	MESH:D016521
l	MESH:D015180
l	MESH:D057825
l	MESH:D004590
l	MESH:D004591
l	MESH:D058645
l	MESH:D004589
l	MESH:D063347
l	MESH:D004592
l	MESH:D024202
l	MESH:D007525
l	MESH:D057625
l	MESH:D057075
l	MESH:D005374
unspezif.	MESH:D061808
l	MESH:D008851
l	MESH:D017022
l	MESH:D013058
l	MESH:D021241
l	MESH:D016339
l	MESH:D019032
l	MESH:D018629
l	MESH:D053719
l	MESH:D008832
l	MESH:D054802
l	MESH:D061286
l	MESH:D023302
l	MESH:D010783
l	MESH:D003720
l	MESH:D008163
l	MESH:D060807
l	MESH:D005470
l	MESH:D005454
l	MESH:D036681
l	MESH:D000078704
l	MESH:D013050
l	MESH:D031541
l	MESH:D009391
l	MESH:D000074024
l	MESH:D013053
l	MESH:D015591
l	MESH:D013054
l	MESH:D013055
l	MESH:D017550
l	MESH:D013056
l	MESH:D011048
l	MESH:D058525
l	MESH:D012031
l	MESH:D012542
l	MESH:D000067493
l	MESH:D053838
l	MESH:D013059
l	MESH:D013057
l	MESH:D002942
l	MESH:D058266
l	MESH:D000081862
l	MESH:D000075663
l	MESH:D009682
l	MESH:D066241
l	MESH:D004578
l	MESH:D019906
l	MESH:D066244
l	MESH:D009905
l	MESH:D056951
	MESH:D011675
l	MESH:D013051
l	MESH:D015204
l	MESH:D013052
	MESH:D000067549
l	MESH:D046590
	MESH:D059405
l	MESH:D055068
l	MESH:D056928
l	MESH:D019097
l	MESH:D020349
l	MESH:D013818
l	MESH:D017186
l	MESH:D003124
l	MESH:D003217
l	MESH:D011199
l	MESH:D060326
l	MESH:D057930
l	MESH:D020650
l	MESH:D052156
l	MESH:D061565
l	MESH:D060327
l	MESH:D061885
l	MESH:D000081163
l	MESH:D000067470
l	MESH:D053652
l	MESH:D018274
l	MESH:D018408
	MESH:D003250
	MESH:D003264
l	MESH:D002458
	MESH:D002459
l	MESH:D059010
	MESH:D057905
	MESH:D003661
	MESH:D000083062
	MESH:D000081415
	MESH:D003627
	MESH:D004106
	MESH:D000076722
	MESH:D017277
	MESH:D017387
	MESH:D015195
	MESH:D064798
	MESH:D004341
	MESH:D004353
	MESH:D058492
	MESH:D055808
	MESH:D064308
l	MESH:D055664
l	MESH:D004572
l	MESH:D004595
l	MESH:D007526
	MESH:D033041
	MESH:D035845
	MESH:D023381
	MESH:D004812
	MESH:D016358
	MESH:D003625
	MESH:D000068598
	MESH:D066264
	MESH:D017144
	MESH:D015577
	MESH:D062489
	MESH:D007407
	MESH:D055810
	MESH:D033262
	MESH:D000076723
	MESH:D015596
	MESH:D000074286
	MESH:D011996
	MESH:D001719
	MESH:D003644
	MESH:D003792
	MESH:D006753
	MESH:D008499
	MESH:D055991
	MESH:D000076206
	MESH:D000072638
	MESH:D008498
	MESH:D008501
	MESH:D016347
	MESH:D057286
	MESH:D066275
	MESH:D000069098
	MESH:D015599
	MESH:D015998
	MESH:D015600
	MESH:D023261
	MESH:D015601
	MESH:D009737
	MESH:D012042
	MESH:D018426
	MESH:D000082463
	MESH:D011795
	MESH:D000069216
	MESH:D019538
	MESH:D000071066
	MESH:D000079602
	MESH:D006306
	MESH:D040343
	MESH:D003753
	MESH:D003774
	MESH:D004245
	MESH:D061326
	MESH:D009911
	MESH:D010512
	MESH:D006305
	MESH:D018806
	MESH:D000079662
	MESH:D062072
	MESH:D012720
	MESH:D000080162
	MESH:D017567
	MESH:D063305
	MESH:D000072878
	MESH:D018434
	MESH:D011159
	MESH:D062486
	MESH:D018571
	MESH:D009749
	MESH:D004034
	MESH:D000073222
	MESH:D057566
	MESH:D014798
	MESH:D008017
	MESH:D015993
	MESH:D009017
	MESH:D050936
	MESH:D015994
	MESH:D015995
	MESH:D009026
	MESH:D002423
	MESH:D046688
	MESH:D017809
	MESH:D046689
	MESH:D017052
	MESH:D007226
	MESH:D054238
	MESH:D008428
	MESH:D061213
	MESH:D015996
	MESH:D018873
	MESH:D001723
	MESH:D018563
	MESH:D015340
	MESH:D035061
	MESH:D018592
	MESH:D004311
	MESH:D055106
	MESH:D059012
	MESH:D016555
	MESH:D015201
	MESH:D000071076
	MESH:D011897
	MESH:D015203
	MESH:D000073886
	MESH:D061827
	MESH:D018401
	MESH:D012680
	MESH:D011237
	MESH:D012372
	MESH:D059629
	MESH:D016037
	MESH:D016020
	MESH:D000068456
	MESH:D002986
	MESH:D000075522
	MESH:D017321
	MESH:D017322
	MESH:D017326
	MESH:D017327
	MESH:D018849
	MESH:D065228
	MESH:D016032
	MESH:D000074099
	MESH:D057194
	MESH:D064792
	MESH:D000080907
	MESH:D000078665
	MESH:D064887
	MESH:D000079223
	MESH:D016021
	MESH:D016022
	MESH:D012189
	MESH:D015331
	MESH:D005500
	MESH:D008137
	MESH:D063588
	MESH:D011446
	MESH:D065187
	MESH:D003430
	MESH:D065386
	MESH:D065186
	MESH:D016036
	MESH:D015528
	MESH:D005240
	MESH:D015337
	MESH:D010865
	MESH:D012494
	MESH:D018433
	MESH:D062665
	MESH:D000079686
	MESH:D062305
	MESH:D017720
	MESH:D057182
	MESH:D013223
	MESH:D000206
	MESH:D019057
	MESH:D000704
	MESH:D015999
	MESH:D000084142
l	MESH:D019540
l	MESH:D001699
l	MESH:D056667
	MESH:D000086762
	MESH:D003878
l	MESH:D016172
	MESH:D056808
	MESH:D016000
	MESH:D000077272
	MESH:D017062
	MESH:D016001
	MESH:D016002
	MESH:D000078338
	MESH:D000078336
	MESH:D005163
	MESH:D000081983
	MESH:D015233
	MESH:D016013
	MESH:D016014
	MESH:D016015
	MESH:D018803
	MESH:D017059
	MESH:D016016
	MESH:D009010
	MESH:D025341
	MESH:D011336
	MESH:D001499
	MESH:D008390
	MESH:D016017
	MESH:D056510
	MESH:D057216
	MESH:D012306
	MESH:D065840
	MESH:D018570
	MESH:D000073931
	MESH:D000067495
	MESH:D012307
	MESH:D000082742
	MESH:D000083202
	MESH:D035501
	MESH:D000078337
	MESH:D012044
	MESH:D016018
	MESH:D000068916
	MESH:D057230
	MESH:D062206
	MESH:D062211
	MESH:D013029
	MESH:D016008
	MESH:D016010
	MESH:D016009
	MESH:D016011
	MESH:D016012
	MESH:D018709
	MESH:D013269
	MESH:D016019
	MESH:D053208
	MESH:D004867
	MESH:D016382
	MESH:D011474
	MESH:D017797
	MESH:D000086825
	MESH:D004868
	MESH:D061807
	MESH:D019544
	MESH:D058736
	MESH:D007433
	MESH:D011475
	MESH:D017743
	MESH:D004869
	MESH:D016552
	MESH:D005069
	MESH:D018795
	MESH:D057069
	MESH:D023041
	MESH:D013370
	MESH:D011358
	MESH:D016907
	MESH:D060735
	MESH:D000073958
	MESH:D015397
	MESH:D054928
	MESH:D033042
	MESH:D020342
	MESH:D005504
	MESH:D005583
	MESH:D005717
	MESH:D000068956
	MESH:D005821
l	MESH:D047369
l	MESH:D000081204
l	MESH:D002874
l	MESH:D016386
l	MESH:D020161
l	MESH:D020451
l	MESH:D021101
l	MESH:D015183
l	MESH:D056972
l	MESH:D003001
l	MESH:D019677
l	MESH:D061505
l	MESH:D020798
	MESH:D019976
	MESH:D003433
l	MESH:D005816
l	MESH:D055028
l	MESH:D054458
l	MESH:D018983
l	MESH:D020869
l	MESH:D000081246
l	MESH:D066251
	MESH:D018390
l	MESH:D055879
l	MESH:D055785
l	MESH:D055786
l	MESH:D018014
	MESH:D014161
	MESH:D014162
	MESH:D014169
	MESH:D056726
	MESH:D005818
	MESH:D019020
	MESH:D000075423
	MESH:D032621
	MESH:D000072669
	MESH:D060847
	MESH:D015202
	MESH:D019943
	MESH:D016254
	MESH:D016297
	MESH:D012743
l	MESH:D060005
	MESH:D020287
l	MESH:D058893
l	MESH:D009152
l	MESH:D015162
l	MESH:D023282
l	MESH:D021141
l	MESH:D022521
l	MESH:D016133
l	MESH:D060885
l	MESH:D019105
l	MESH:D060888
l	MESH:D020133
l	MESH:D021161
l	MESH:D009691
l	MESH:D009693
l	MESH:D021121
l	MESH:D020180
l	MESH:D020411
	MESH:D062308
	MESH:D010375
	MESH:D059386
	MESH:D016415
l	MESH:D017421
l	MESH:D059014
l	MESH:D058977
l	MESH:D000081414
l	MESH:D017422
l	MESH:D004252
l	MESH:D000073336
l	MESH:D000073359
l	MESH:D020539
l	MESH:D017423
	MESH:D006245
	MESH:D006805
	MESH:D032762
	MESH:D033281
	MESH:D036302
	MESH:D007101
	MESH:D007103
	MESH:D019417
l	MESH:D007158
l	MESH:D018604
l	MESH:D007118
l	MESH:D015151
l	MESH:D007124
l	MESH:D004797
l	MESH:D017248
l	MESH:D007163
l	MESH:D011864
l	MESH:D015592
l	MESH:D066298
l	MESH:D046508
l	MESH:D061249
	MESH:D060846
	MESH:D023822
l	MESH:D000079585
l	MESH:D018920
l	MESH:D046149
l	MESH:D009924
l	MESH:D058439
l	MESH:D046509
l	MESH:D007201
l	MESH:D004395
l	MESH:D013815
l	MESH:D007368
l	MESH:D000067268
l	MESH:D007553
l	MESH:D060306
l	MESH:D008365
l	MESH:D008422
l	MESH:D000083522
	MESH:D008722
	MESH:D019370
	MESH:D012107
	MESH:D018579
	MESH:D061366
l	MESH:D046208
l	MESH:D046210
l	MESH:D046228
l	MESH:D040081
l	MESH:D046888
l	MESH:D008846
l	MESH:D000072760
	MESH:D023421
	MESH:D004195
	MESH:D001169
	MESH:D003921
	MESH:D008106
	MESH:D009374
	MESH:D007942
	MESH:D008114
	MESH:D008325
	MESH:D008546
	MESH:D012513
	MESH:D020721
	MESH:D004681
	MESH:D020720
	MESH:D009444
	MESH:D011833
	MESH:D008962
	MESH:D000086342
	MESH:D017709
	MESH:D017143
	MESH:D000083342
	MESH:D000083362
	MESH:D008954
	MESH:D008955
	MESH:D008957
	MESH:D018448
	MESH:D008959
	MESH:D020557
	MESH:D066230
	MESH:D008956
	MESH:D017145
	MESH:D008958
l	MESH:D062105
l	MESH:D056004
	MESH:D016294
	MESH:D000077772
	MESH:D017146
	MESH:D008960
	MESH:D000073276
	MESH:D017711
l	MESH:D015336
l	MESH:D015374
l	MESH:D019921
l	MESH:D025941
	MESH:D009368
	MESH:D052898
l	MESH:D009991
	MESH:D000072257
	MESH:D010227
	MESH:D003427
	MESH:D010477
	MESH:D010812
	MESH:D004558
	MESH:D002907
	MESH:D004597
	MESH:D010775
	MESH:D010826
	MESH:D011580
	MESH:D000067289
	MESH:D005712
	MESH:D011930
	MESH:D012033
l	MESH:D011874
	MESH:D011829
	MESH:D000082162
	MESH:D004307
l	MESH:D011834
	MESH:D001822
l	MESH:D005373
l	MESH:D000072231
l	MESH:D062791
l	MESH:D013819
l	MESH:D055110
l	MESH:D012588
	MESH:D014915
	MESH:D001947
	MESH:D004972
	MESH:D004973
	MESH:D006824
	MESH:D000079425
	MESH:D007178
	MESH:D000068618
	MESH:D019924
l	MESH:D012212
l	MESH:D018056
	MESH:D008153
	MESH:D044085
	MESH:D058874
	MESH:D013010
	MESH:D013018
l	MESH:D015813
	MESH:D013678
	MESH:D004304
	MESH:D004339
	MESH:D004344
	MESH:D004348
	MESH:D004349
	MESH:D004355
	MESH:D004356
	MESH:D004795
l	MESH:D057166
l	MESH:D000080048
	MESH:D013679
	MESH:D019112
	MESH:D063809
	MESH:D018893
	MESH:D001992
	MESH:D005751
	MESH:D055556
	MESH:D017817
	MESH:D010533
	MESH:D044364
l	MESH:D062125
l	MESH:D018675
l	MESH:D015197
	MESH:D020128
	MESH:D007928
	MESH:D020714
	MESH:D019055
l	MESH:D023382
	MESH:D023422
l	MESH:D036401
l	MESH:D059551
l	MESH:D059550
	MESH:D058067
	MESH:D018544
	MESH:D018474
	MESH:D014894
	MESH:D002138
	MESH:D007394
	MESH:D008792
	MESH:D012015
	MESH:D057918
	MESH:D057238
	MESH:D012016
	MESH:D003813
	MESH:D020906
	MESH:D057087
	MESH:D001840
	MESH:D055115
	MESH:D055116
	MESH:D003729
	MESH:D016321
	MESH:D019140
	MESH:D017742
	MESH:D003730
	MESH:D017005
	MESH:D003748
	MESH:D055117
	MESH:D003725
	MESH:D003742
	MESH:D003754
	MESH:D003762
	MESH:D008434
	MESH:D016733
	MESH:D003755
	MESH:D003765
	MESH:D003766
	MESH:D001732
	MESH:D003767
	MESH:D003768
	MESH:D014716
	MESH:D003772
	MESH:D003775
	MESH:D003799
	MESH:D003814
	MESH:D016556
	MESH:D003736
	MESH:D019232
	MESH:D003793
	MESH:D058250
	MESH:D007284
	MESH:D003794
	MESH:D018772
	MESH:D003945
	MESH:D003732
	MESH:D003791
	MESH:D004570
	MESH:D004708
	MESH:D003785
	MESH:D011670
	MESH:D011672
	MESH:D000078483
	MESH:D012390
	MESH:D056624
	MESH:D003787
	MESH:D012389
	MESH:D012184
	MESH:D018915
	MESH:D004955
	MESH:D019243
	MESH:D014073
	MESH:D019552
	MESH:D007574
	MESH:D016302
	MESH:D009065
	MESH:D019242
	MESH:D063172
	MESH:D063168
	MESH:D063175
	MESH:D063166
	MESH:D009970
	MESH:D052280
	MESH:D009967
	MESH:D000077744
	MESH:D016910
	MESH:D017289
	MESH:D000202
	MESH:D009968
	MESH:D005115
	MESH:D018704
	MESH:D009969
	MESH:D009971
	MESH:D019558
	MESH:D050793
	MESH:D019516
	MESH:D010155
	MESH:D014087
	MESH:D009972
	MESH:D009973
	MESH:D013027
	MESH:D010339
	MESH:D010517
	MESH:D003777
	MESH:D012534
	MESH:D016745
	MESH:D057747
	MESH:D010511
	MESH:D010515
	MESH:D010516
	MESH:D013357
	MESH:D011313
	MESH:D005457
	MESH:D009064
	MESH:D014099
	MESH:D011476
	MESH:D003735
	MESH:D017266
	MESH:D003442
	MESH:D011176
	MESH:D000044
	MESH:D016734
	MESH:D015921
	MESH:D019250
	MESH:D017267
	MESH:D059605
	MESH:D017269
	MESH:D017268
	MESH:D019094
	MESH:D019554
	MESH:D003801
	MESH:D003778
	MESH:D003819
	MESH:D003779
	MESH:D003822
	MESH:D003823
	MESH:D003780
	MESH:D003781
	MESH:D003824
	MESH:D003825
	MESH:D003826
	MESH:D003827
	MESH:D003828
	MESH:D003829
	MESH:D003830
	MESH:D016379
	MESH:D003831
	MESH:D003832
	MESH:D003833
	MESH:D003834
	MESH:D010158
	MESH:D014093
	MESH:D000074269
	MESH:D014016
	MESH:D013515
	MESH:D057909
	MESH:D013674
	MESH:D003761
	MESH:D012994
	MESH:D003821
	MESH:D060745
	MESH:D019246
	MESH:D003737
	MESH:D045662
	MESH:D000134
	MESH:D019231
	MESH:D014089
	MESH:D004864
	MESH:D001273
	MESH:D001458
	MESH:D055052
	MESH:D047070
	MESH:D001684
	MESH:D058128
	MESH:D053828
	MESH:D009779
	MESH:D000072296
	MESH:D019149
	MESH:D058433
	MESH:D060166
	MESH:D057785
	MESH:D000072601
	MESH:D002408
	MESH:D062885
	MESH:D062666
	MESH:D062906
	MESH:D062905
	MESH:D058868
	MESH:D003273
	MESH:D003274
	MESH:D019111
	MESH:D007434
	MESH:D007436
	MESH:D007435
	MESH:D003275
	MESH:D017280
	MESH:D003470
	MESH:D017077
	MESH:D016895
	MESH:D054457
	MESH:D019719
	MESH:D056902
	MESH:D062609
	MESH:D019723
	MESH:D020677
	MESH:D020679
	MESH:D020680
	MESH:D020681
	MESH:D020683
	MESH:D020684
	MESH:D020776
	MESH:D053705
	MESH:D020685
	MESH:D020694
	MESH:D020698
	MESH:D020701
	MESH:D020699
	MESH:D020700
	MESH:D020669
	MESH:D020702
	MESH:D020706
	MESH:D020704
	MESH:D020707
	MESH:D044582
	MESH:D020708
	MESH:D020709
	MESH:D000072936
	MESH:D045268
	MESH:D053581
	MESH:D019721
	MESH:D042261
	MESH:D066167
	MESH:D019720
	MESH:D019722
	MESH:D015924
	MESH:D019023
	MESH:D015194
	MESH:D004209
	MESH:D004389
	MESH:D055615
	MESH:D000669
	MESH:D062207
	MESH:D055984
	MESH:D011211
	MESH:D001674
	MESH:D004559
	MESH:D004566
	MESH:D047548
	MESH:D017147
	MESH:D004567
	MESH:D058542
	MESH:D058117
	MESH:D038262
	MESH:D003054
	MESH:D017736
	MESH:D008839
	MESH:D010138
	MESH:D058409
	MESH:D055617
	MESH:D056656
	MESH:D012666
	MESH:D014173
	MESH:D014159
	MESH:D014160
	MESH:D000076251
	MESH:D006310
	MESH:D000080310
	MESH:D004633
	MESH:D004865
	MESH:D041342
	MESH:D041382
	MESH:D041381
	MESH:D016496
	MESH:D001512
	MESH:D058636
	MESH:D001513
	MESH:D058254
	MESH:D058637
	MESH:D006775
	MESH:D007186
	MESH:D058638
	MESH:D010357
	MESH:D058257
	MESH:D008397
	MESH:D000087162
	MESH:D000067190
	MESH:D053566
	MESH:D052576
	MESH:D014622
	MESH:D015902
	MESH:D015920
	MESH:D015905
	MESH:D005676
	MESH:D000068998
	MESH:D007185
	MESH:D015370
	MESH:D057207
	MESH:D041361
	MESH:D007260
	MESH:D015918
	MESH:D048228
	MESH:D019026
	MESH:D045423
	MESH:D008863
	MESH:D054118
	MESH:D009330
	MESH:D058995
	MESH:D036501
	MESH:D036503
	MESH:D009339
	MESH:D055096
	MESH:D007834
	MESH:D054025
	MESH:D054018
	MESH:D054020
	MESH:D054023
	MESH:D053844
	MESH:D007909
	MESH:D003261
	MESH:D003263
	MESH:D003262
	MESH:D005139
	MESH:D007910
	MESH:D000075542
	MESH:D054120
	MESH:D055100
	MESH:D061351
	MESH:D010106
	MESH:D010107
	MESH:D019047
	MESH:D019736
	MESH:D020341
	MESH:D001186
	MESH:D001705
	MESH:D001807
	MESH:D000077280
	MESH:D000069343
	MESH:D018427
	MESH:D057505
	MESH:D016306
	MESH:D005137
	MESH:D020327
	MESH:D018465
	MESH:D006354
	MESH:D006350
	MESH:D020007
	MESH:D016268
	MESH:D001858
	MESH:D001860
	MESH:D001863
	MESH:D065289
	MESH:D001864
	MESH:D053441
	MESH:D007595
	MESH:D058569
	MESH:D006622
	MESH:D007720
	MESH:D061825
	MESH:D000072227
	MESH:D007831
	MESH:D008447
	MESH:D008341
	MESH:D020273
	MESH:D009998
	MESH:D015917
	MESH:D000070635
	MESH:D055989
	MESH:D015607
	MESH:D054855
	MESH:D000069322
	MESH:D053825
	MESH:D015625
	MESH:D016741
	MESH:D057488
	MESH:D011482
	MESH:D017278
	MESH:D004430
	MESH:D006260
	MESH:D057147
	MESH:D057148
	MESH:D000067393
	MESH:D011481
	MESH:D017575
	MESH:D005932
	MESH:D019442
	MESH:D012134
	MESH:D012622
	MESH:D045663
	MESH:D055618
	MESH:D009688
	MESH:D055848
	MESH:D010315
	MESH:D017357
	MESH:D017356
	MESH:D000072232
	MESH:D011876
	MESH:D057233
	MESH:D011933
	MESH:D011934
	MESH:D012656
	MESH:D003143
	MESH:D014910
	MESH:D012682
	MESH:D013523
	MESH:D001187
	MESH:D021522
	MESH:D006355
	MESH:D007688
	MESH:D019164
	MESH:D019397
	MESH:D017768
	MESH:D015505
	MESH:D056805
	MESH:D009983
	MESH:D002183
	MESH:D003446
	MESH:D009984
	MESH:D016267
	MESH:D002370
	MESH:D013165
	MESH:D009989
	MESH:D001915
	MESH:D061826
	MESH:D017090
	MESH:D014853
	MESH:D010570
	MESH:D053831
	MESH:D053832
	MESH:D013537
	MESH:D002398
	MESH:D014014
	MESH:D065506
	MESH:D013525
	MESH:D009772
	MESH:D013528
	MESH:D013526
	MESH:D000085022
	MESH:D015503
	MESH:D005781
	MESH:D013630
	MESH:D014340
	MESH:D019738
	MESH:D039021
	MESH:D019739
	MESH:D013524
	MESH:D058752
	MESH:D064827
	MESH:D061525
	MESH:D016476
	MESH:D013594
	MESH:D013821
	MESH:D015898
	MESH:D014111
	MESH:D057968
	MESH:D012122
	MESH:D015919
	MESH:D014962
	MESH:D014963